alias,country_code
Republic of India,IND
People's Republic of China,CHN
PR China,CHN
China PR,CHN
Republic of Korea,KOR
Korea Republic,KOR
Korea,KOR
Democratic People's Republic of Korea,PRK
DPR Korea,PRK
Korea DPR,PRK
Taiwan,TPE
Hong Kong,HKG
Hong Kong China,HKG
Macau,MAC
Macao,MAC
Macao China,MAC
Islamic Republic of Iran,IRI
IR Iran,IRI
IRN,IRI
Viet Nam,VIE
VNM,VIE
Lao PDR,LAO
Burma,MYA
MMR,MYA
State of Palestine,PLE
PSE,PLE
East Timor,TLS
Timor Leste,TLS
Brunei Darussalam,BRU
Kyrgyz Republic,KGZ
ARE,UAE
SAU,KSA
SIN,SGP
IDN,INA
MYS,MAS
PHL,PHI
LKA,SRI
BGD,BAN
BTN,BHU
KHM,CAM
MNG,MGL
NPL,NEP
OMN,OMA
KWT,KUW
BHR,BRN
TWN,TPE
