code,name,region
AFG,Afghanistan,Southern Asia
BAN,Bangladesh,Southern Asia
BHU,Bhutan,Southern Asia
BRN,Bahrain,Western Asia
BRU,Brunei,South-eastern Asia
CAM,Cambodia,South-eastern Asia
CHN,China,Eastern Asia
HKG,"Hong Kong, China",Eastern Asia
INA,Indonesia,South-eastern Asia
IND,India,Southern Asia
IRI,Iran,Southern Asia
IRQ,Iraq,Western Asia
JOR,Jordan,Western Asia
JPN,Japan,Eastern Asia
KAZ,Kazakhstan,Central Asia
KGZ,Kyrgyzstan,Central Asia
KOR,South Korea,Eastern Asia
KSA,Saudi Arabia,Western Asia
KUW,Kuwait,Western Asia
LAO,Laos,South-eastern Asia
LBN,Lebanon,Western Asia
MAC,"Macau, China",Eastern Asia
MAS,Malaysia,South-eastern Asia
MDV,Maldives,Southern Asia
MGL,Mongolia,Eastern Asia
MYA,Myanmar,South-eastern Asia
NEP,Nepal,Southern Asia
OMA,Oman,Western Asia
PAK,Pakistan,Southern Asia
PHI,Philippines,South-eastern Asia
PLE,Palestine,Western Asia
PRK,North Korea,Eastern Asia
QAT,Qatar,Western Asia
SGP,Singapore,South-eastern Asia
SRI,Sri Lanka,Southern Asia
SYR,Syria,Western Asia
THA,Thailand,South-eastern Asia
TJK,Tajikistan,Central Asia
TKM,Turkmenistan,Central Asia
TLS,Timor-Leste,South-eastern Asia
TPE,Chinese Taipei,Eastern Asia
UAE,United Arab Emirates,Western Asia
UZB,Uzbekistan,Central Asia
VIE,Vietnam,South-eastern Asia
YEM,Yemen,Western Asia
