sport,name
3x3 Basketball,3x3 Basketball
Aquatics,Artistic Swimming
Aquatics,Diving
Aquatics,Swimming
Aquatics,Water Polo
Archery,Archery
Athletics,Athletics
Badminton,Badminton
Baseball,Baseball
Basketball,Basketball
Beach Volleyball,Beach Volleyball
Boxing,Boxing
Breaking,Breaking
Canoe,Canoe Slalom
Canoe,Canoe Sprint
Cricket,Cricket
Cycling,Cycling BMX Freestyle
Cycling,Cycling BMX Racing
Cycling,Cycling Mountain Bike
Cycling,Cycling Road
Cycling,Cycling Track
Equestrian,Equestrian
Esports,Esports
Fencing,Fencing
Football,Football
Golf,Golf
Gymnastics,Artistic Gymnastics
Gymnastics,Rhythmic Gymnastics
Gymnastics,Trampoline Gymnastics
Handball,Handball
Hockey,Hockey
Jiu Jitsu,Jiu Jitsu
Judo,Judo
Kabaddi,Kabaddi
Karate,Karate
Kurash,Kurash
Mixed Martial Arts,Mixed Martial Arts
Modern Pentathlon,Modern Pentathlon
Padel,Padel
Rowing,Rowing
Rugby Sevens,Rugby Sevens
Sailing,Sailing
Sepaktakraw,Sepaktakraw
Shooting,Shooting
Skateboarding,Skateboarding
Soft Tennis,Soft Tennis
Softball,Softball
Sport Climbing,Sport Climbing
Squash,Squash
Surfing,Surfing
Table Tennis,Table Tennis
Taekwondo,Taekwondo
Tennis,Tennis
Teqball,Teqball
Triathlon,Triathlon
Volleyball,Volleyball
Weightlifting,Weightlifting
Wrestling,Wrestling
Wushu,Wushu
